Workbook

Sheet Figure 1
A1: Year | C1: Official FREL Emissions (Deforestation) | D1: Official FREL Emissions (Degradation) | F1: Official FREL Emissions | G1: Estimated FREL Emissions | H1: Official National FREL
A2: 2017 | C2: 509307020 | D2: 49267015 | F2: =C2+D2 -> 558574035 | H2: 673566464
A3: 2018 | C3: 518181264 | D3: 17383906 | F3: =C3+D3 -> 535565170 | H3: 673566464
A4: 2019 | C4: 678702574 | D4: 34020314 | F4: =C4+D4 -> 712722888 | H4: 673566464
A5: 2020 | C5: 662002916 | D5: 66469952 | F5: =C5+D5 -> 728472868 | H5: 673566464
A6: 2021 | C6: 793830403 | D6: 38397405 | F6: =C6+D6 -> 832227808 | H6: 673566464
A7: 2022 | C7: - | D7: - | G7: ='2022 and 2023 Emissions'!H14 -> 9.2000085e+08 | H7: 673566464
A8: 2023 | C8: - | D8: - | G8: ='2022 and 2023 Emissions'!H15 -> 6.5693444e+08 | H8: 673566464

Sheet Figure 4
A1: Year | B1: Emissions from Deforestation | C1: Emissions from Degradation | D1: Modified National FREL | F1: Emissions from Figure 1 | G1: ='Figure 1'!$H$1 -> Official National FREL
A2: 2017 | B2: 5.0481497e+08 | C2: 1.3817777e+08 | D2: =AVERAGE(H2:H6) -> 7.2945396e+08 | F2: ='Figure 1'!F2 -> 558574035 | G2: ='Figure 1'!$H$2 -> 673566464 | H2: =B2+C2 -> 6.4299274e+08
A3: 2018 | B3: 5.1274778e+08 | C3: 64328319 | D3: =D2 -> 7.2945396e+08 | F3: ='Figure 1'!F3 -> 535565170 | G3: =G2 -> 673566464 | H3: =B3+C3 -> 5.770761e+08
A4: 2019 | B4: 6.6964043e+08 | C4: 1.0166345e+08 | D4: =D3 -> 7.2945396e+08 | F4: ='Figure 1'!F4 -> 712722888 | G4: =G3 -> 673566464 | H4: =B4+C4 -> 7.7130388e+08
A5: 2020 | B5: 6.5161515e+08 | C5: 1.6119052e+08 | D5: =D4 -> 7.2945396e+08 | F5: ='Figure 1'!F5 -> 728472868 | G5: =G4 -> 673566464 | H5: =B5+C5 -> 8.1280567e+08
A6: 2021 | B6: 7.7443909e+08 | C6: 68652294 | D6: =D5 -> 7.2945396e+08 | F6: ='Figure 1'!F6 -> 832227808 | G6: =G5 -> 673566464 | H6: =B6+C6 -> 8.4309138e+08
A7: 2022 | B7: 8.4853336e+08 | C7: 1.3467682e+08 | D7: =D6 -> 7.2945396e+08 | F7: ='Figure 1'!G7 -> 9.2000085e+08 | G7: =G6 -> 673566464 | H7: =B7+C7 -> 9.8321018e+08
A8: 2023 | B8: 5.9219024e+08 | C8: 1.3393676e+08 | D8: =D7 -> 7.2945396e+08 | F8: ='Figure 1'!G8 -> 6.5693444e+08 | G8: =G7 -> 673566464 | H8: =B8+C8 -> 7.26127e+08

Sheet DETER Degradation 2017-2024
A1: Forest Fires, Disordered Selective Logging and Geometric Selective Logging
A2: Year | B2: Area (km2)
A3: 2017 | B3: 16670
A4: 2018 | B4: 7841
A5: 2019 | B5: 11499
A6: 2020 | B6: 18724
A7: 2021 | B7: 7257
A8: 2022 | B8: 15795
A9: 2023 | B9: 12741
A10: 2024 | B10: 54551
A12: Accessed on: https://terrabrasilis.dpi.inpe.br/app/dashboard/alerts/biomes/amazonia-nb/aggregated
A13: Access date: January 7, 2025

Sheet PRODES Deforestation 2017-2024
B1: Deforestation Increment Area
A2: Year | B2: Amazon biome (km2) | C2: Cerrado biome (km2)
A3: 2017 | B3: 6758.13 | C3: 7117.38
A4: 2018 | B4: 6958.47 | C4: 7259.82
A5: 2019 | B5: 10703.06 | C5: 6319.02
A6: 2020 | B6: 10355.32 | C6: 7905.16
A7: 2021 | B7: 12191.12 | C7: 8531.44
A8: 2022 | B8: 12479.39 | C8: 10688.73
A9: 2023 | B9: 7812.15 | C9: 11011.69
A10: 2024 | B10: 5,704.24* | C10: 8174.17
A12: Accessed on: https://terrabrasilis.dpi.inpe.br/app/dashboard/deforestation/biomes
A13: Access date:April 7, 2025
A14: *Based on priority tile mapping. Source: https://data.inpe.br/big/web/biomasbr/notas-tecnicas/estimativa-de-desmatamento-na-amazonia-legal-para/

Sheet Brazil's REDD+ Results
A1: Year | B1: t CO2 eq/year | D1: Source: https://redd.unfccc.int/submissions.html?country=bra
A2: 2006 | B2: 5.2993049e+08
A3: 2007 | B3: 4.9776122e+08
A4: 2008 | B4: 4.400223e+08
A5: 2009 | B5: 7.4168714e+08
A6: 2010 | B6: 7.616211e+08
A7: 2011 | B7: 6.2245167e+08
A8: 2012 | B8: 6.7127531e+08
A9: 2013 | B9: 6.0611162e+08
A10: 2014 | B10: 6.3436787e+08
A11: 2015 | B11: 620295262
A12: 2011 | B12: 159099238
A13: 2012 | B13: 159099238
... A25: 2020 | B25: 227389933
A26: Average (2006-2020) | B26: =AVERAGE(B2:B25) -> 3.895406e+08

Sheet 2022 and 2023 Emissions
A1: Biome | B1: Year | C1: Official FREL (t CO₂ eq) | D1: Gross Deforestation (t CO₂ eq) | E1: Net Deforestation (t CO₂ eq) | F1: Gross Degradation (t CO₂ eq) | G1: Deforestation + Degradation (t CO₂ eq) | H1: Corrected Total Emissions (t CO₂ eq) | I1: Estimated Result for 2022 (t CO₂ eq) | J1: Estimated Result for 2023 (%)
A2: Amazonia | B2: 2022 | C2: 505515269 | D2: 6.6998625e+08 | E2: =D2+(D2*-0.0418627619890395) -> 6.4193877e+08 | F2: 56649600 | G2: =E2+F2 -> 6.9858837e+08 | H2: =G2*1.009 -> 7.0487567e+08 | I2: =C2-H2 -> -1.993604e+08 | J2: =((I2/C2)*100)*-1 -> 39.437067
A3: Amazonia | B3: 2023 | C3: 505515269 | D3: 4.1356004e+08 | E3: =D3+(D3*-0.0418627619890395) -> 3.9624728e+08 | F3: 46754807 | G3: =E3+F3 -> 4.4300208e+08 | H3: =G3*1.009 -> 4.469891e+08 | I3: =C3-H3 -> 58526167 | J3: =((I3/C3)*100)*-1 -> -11.577527
A4: Caatinga | B4: 2022 | C4: 26242349 | D4: 32838548 | E4: - | F4: - | G4: - | H4: =D4*1.01864506967843 -> 33450825 | I4: =C4-H4 -> -7208476.4 | J4: =((I4/C4)*100)*-1 -> 27.468869
A5: Caatinga | B5: 2023 | C5: 26242349 | D5: 40240432 | E5: - | F5: - | G5: - | H5: =D5*1.01864506967843 -> 40990718 | I5: =C5-H5 -> -14748369 | J5: =((I5/C5)*100)*-1 -> 56.200644
A6: Cerrado | B6: 2022 | C6: 97048732 | D6: 1.4710287e+08 | E6: =D6+(D6*-0.0880887103579795) -> 1.3414476e+08 | F6: - | G6: - | H6: =E6*0.994609286576602 -> 1.3342163e+08 | I6: =C6-H6 -> -36372896 | J6: =((I6/C6)*100)*-1 -> 37.479002
A7: Cerrado | B7: 2023 | C7: 97048732 | D7: 1.4835755e+08 | E7: =D7+(D7*-0.0880887103579795) -> 1.3528893e+08 | F7: - | G7: - | H7: =E7*0.994609286576602 -> 1.3455962e+08 | I7: =C7-H7 -> -37510889 | J7: =((I7/C7)*100)*-1 -> 38.651602
A8: Atlantic Forest | B8: 2022 | C8: 34660570 | D8: 37566083 | E8: - | F8: - | G8: - | H8: =D8*0.99952133701608 -> 37548101 | I8: =C8-H8 -> -2887531.3 | J8: =((I8/C8)*100)*-1 -> 8.3308822
A9: Atlantic Forest | B9: 2023 | C9: 34660570 | D9: 23869958 | E9: - | F9: - | G9: - | H9: =D9*0.99952133701608 -> 23858532 | I9: =C9-H9 -> 10802038 | J9: =((I9/C9)*100)*-1 -> -31.165205
A10: Pampa | B10: 2022 | C10: 4062706 | D10: 4272152.1 | E10: - | F10: - | G10: - | H10: =D10*0.966126945902574 -> 4127441.3 | I10: =C10-H10 -> -64735.265 | J10: =((I10/C10)*100)*-1 -> 1.5934026
A11: Pampa | B11: 2023 | C11: 4062706 | D11: 2436966.2 | E11: - | F11: - | G11: - | H11: =D11*0.966126945902574 -> 2354418.7 | I11: =C11-H11 -> 1708287.3 | J11: =((I11/C11)*100)*-1 -> -42.048016
A12: Pantanal | B12: 2022 | C12: 6036837 | D12: 6565583.5 | E12: - | F12: - | G12: - | H12: =D12*1.00176723976846 -> 6577186.4 | I12: =C12-H12 -> -540349.43 | J12: =((I12/C12)*100)*-1 -> 8.9508699
A13: Pantanal | B13: 2023 | C13: 6036837 | D13: 8167617.4 | E13: - | F13: - | G13: - | H13: =D13*1.00176723976846 -> 8182051.5 | I13: =C13-H13 -> -2145214.5 | J13: =((I13/C13)*100)*-1 -> 35.535405
A14: Brazil | B14: 2022 | C14: 673566464 | D14: - | E14: - | F14: - | G14: - | H14: =H2+H6+H4+H8+H10+H12 -> 9.2000085e+08 | I14: =C14-H14 -> -2.4643438e+08 | J14: =((I14/C14)*100)*-1 -> 36.586499
A15: Brazil | B15: 2023 | C15: 673566464 | D15: - | E15: - | F15: - | G15: - | H15: =H3+H7+H5+H9+H11+H13 -> 6.5693444e+08 | I15: =C15-H15 -> 16632020 | J15: =((I15/C15)*100)*-1 -> -2.4692471
